BE;DRNE;EMB
0.8215277777777779;0.45052777777777775;0.7965277777777777
