BE;EMB
0.937125;0.9002638888888889
