BE;EMB
0.9393333333333332;0.9341388888888886
