BE;DRNE;EMB
0.6532638888888889;0.3453611111111111;0.6501249999999998
