BE;DRNE;EMB
0.7240000000000001;0.39770833333333333;0.7238472222222223
