BE;LT;EMB
0.9064166666666666;0.56875;0.8780555555555557
