BE;LT;EMB
0.9395;0.6329027777777777;0.9390416666666669
