BE;LT;EMB
0.851361111111111;0.5993194444444444;0.8347083333333334
