BE;DRNE;EMB
0.9327499999999999;0.5304166666666666;0.9001527777777778
