BE;EMB
0.8950277777777778;0.865625
