BE;LT;EMB
0.8304583333333333;0.5999444444444444;0.8125694444444447
