BE;EMB
0.930222222222222;0.8798333333333332
